Rank,range1,range2,range3,range4,range5,range6,range7,range8
bcr,10.589531999999998,9.223261999999998,8.388176999999999,9.18921,10.581967,11.240046,13.968347,15.730761
ccr,10.259615999999998,9.223963,10.5978,9.756961,11.294958,12.008141,12.771249,13.575551
page_rank,10.259615999999998,9.223963,10.5978,9.756961,11.294958,12.008141,12.771249,13.575551
sir,11.894560000000002,10.19971,10.83308,10.897184,11.004532,10.128003,11.624074,12.606717
user_rank,10.694221,9.492492,9.644543,10.634253,11.35283,11.323099999999998,12.771249,13.575551
