Rank,range1,range2,range3,range4,range5,range6,range7,range8
bcr,8.488115999999998,6.585452,6.166178,6.374895999999999,7.624233999999999,6.628508000000001,7.684058,9.411945
ccr,8.663999,7.144617,6.772225000000001,5.826767,6.280146,7.908734000000001,8.474325,7.970866
page_rank,8.663999,7.144617,6.772225000000001,5.826767,6.280146,7.908734000000001,8.474325,7.970866
sir,8.951104,7.083042,5.901097,6.329849,6.797176,6.270915999999999,7.373937,9.480193
user_rank,8.200614999999999,7.224094,6.750436,6.237046,6.815662,7.368635,8.474325,7.970866
