Rank,range1,range2,range3,range4,range5,range6,range7,range8
bcr,7649.229758,1190.033389,1210.594344,668.9761980000001,470.052068,987.755606,625.2827250000001,969.69368
ccr,8802.773927999999,1861.556981,733.91255,872.5722659999998,614.9752139999999,684.0973100000001,147.20389500000002,68.65833900000001
page_rank,8802.773927999999,1861.556981,733.91255,872.5722659999998,614.9752139999999,684.0973100000001,147.20389500000002,68.65833900000001
sir,12750.125091,27.52433,26.041119,28.485222,276.18178300000005,87.498447,214.408232,738.3009890000001
user_rank,9659.920803,1595.5222290000002,602.938357,742.6499950000001,645.8347,323.022165,147.20389500000002,68.65833900000001
