Rank,range1,range2,range3,range4,range5,range6,range7,range8
bcr,4.37342,3.374266,3.619527,3.324137,3.471241,3.4899750000000003,2.926203,3.7742
ccr,3.848477,3.489422,3.946712,3.306937,3.515786,3.682905,3.0107120000000003,3.329111
page_rank,3.848477,3.489422,3.946712,3.306937,3.515786,3.682905,3.0107120000000003,3.329111
sir,3.9020510000000006,3.560721,3.047663,3.2786220000000004,3.13633,3.416266,3.705192,3.799195
user_rank,3.908876,3.434311,3.808071,3.378727,3.311842,3.948412,3.0107120000000003,3.329111
