Rank,range1,range2,range3,range4,range5,range6,range7,range8
bcr,14114.30692,10461.875625,15783.742939,10563.20714,10941.881253999998,9001.162338,9253.202761,13244.801037
ccr,11599.581378,8579.000634,8954.40401,9369.904286,10465.959393,19458.455454,12193.311303,12662.678939
page_rank,11599.581378,8579.000634,8954.40401,9369.904286,10465.959393,19458.455454,12193.311303,12662.678939
sir,21805.587697,16273.966578,10724.022034,10634.791646,9994.465599,7375.690994,7301.063038,8720.03839
user_rank,9784.338291,9344.828498,10089.446123,9875.749287,10128.669564,19204.273392,12193.311303,12662.678939
