Rank,range1,range2,range3,range4,range5,range6,range7,range8
bcr,30966.81456900001,1633.285548,841.8258349999999,408.211159,190.833551,235.653788,165.48582799999997,391.08934199999993
ccr,28086.003745000005,2343.782847,1972.7952270000003,618.1099959999999,1123.473513,144.251739,288.213387,237.154694
page_rank,32289.363196999995,1264.754866,531.93814,161.40238200000002,85.923505,332.097762,61.283939,104.87327
sir,35106.638359,16.249940000000002,3.652253,3.343983,11.103615,7.427602999999999,47.753598,412.302885
user_rank,33291.093400000005,644.626495,144.547621,188.324156,98.680588,298.207592,61.283939,104.87327
